use_case,variant,db_label,n,run_id,phase,elapsed_ms,heap_b,comm_bytes,rounds,correct
UC1,std,DB1,512,1,precomp,0.001,0,0,0,false
UC1,std,DB1,512,1,setup,13.994,10019672,0,0,false
UC1,std,DB1,512,1,encrypt,16.276,6714128,0,0,false
UC1,std,DB1,512,1,eval,1.116,20085616,0,0,false
UC1,std,DB1,512,1,decrypt,4.658,-1177488,2097152,1,true
UC1,label,DB1,512,1,precomp,0.003,0,0,0,false
UC1,label,DB1,512,1,setup,14.079,5511400,0,0,false
UC1,label,DB1,512,1,encrypt,20.450,11306184,0,0,false
UC1,label,DB1,512,1,eval,1.729,20216296,0,0,false
UC1,label,DB1,512,1,decrypt,3.551,3418264,1048576,1,true
UC1,std,DB1,512,2,precomp,0.003,0,0,0,false
UC1,std,DB1,512,2,setup,13.242,10013408,0,0,false
UC1,std,DB1,512,2,encrypt,15.167,7257200,0,0,false
UC1,std,DB1,512,2,eval,1.498,20070160,0,0,false
UC1,std,DB1,512,2,decrypt,4.394,1186608,2097152,1,true
UC1,label,DB1,512,2,precomp,0.003,0,0,0,false
UC1,label,DB1,512,2,setup,11.729,10013392,0,0,false
UC1,label,DB1,512,2,encrypt,18.962,6055960,0,0,false
UC1,label,DB1,512,2,eval,1.657,20216280,0,0,false
UC1,label,DB1,512,2,decrypt,2.630,3417800,1048576,1,true
UC1,std,DB1,512,3,precomp,0.001,0,0,0,false
UC1,std,DB1,512,3,setup,14.552,9996136,0,0,false
UC1,std,DB1,512,3,encrypt,14.896,6714352,0,0,false
UC1,std,DB1,512,3,eval,1.417,20085616,0,0,false
UC1,std,DB1,512,3,decrypt,5.231,-1177488,2097152,1,true
UC1,label,DB1,512,3,precomp,0.003,0,0,0,false
UC1,label,DB1,512,3,setup,11.848,9996152,0,0,false
UC1,label,DB1,512,3,encrypt,18.265,11306184,0,0,false
UC1,label,DB1,512,3,eval,1.568,20216280,0,0,false
UC1,label,DB1,512,3,decrypt,3.910,3418248,1048576,1,true
UC1,std,DB1,512,4,precomp,0.003,0,0,0,false
UC1,std,DB1,512,4,setup,11.306,10013488,0,0,false
UC1,std,DB1,512,4,encrypt,15.367,7257200,0,0,false
UC1,std,DB1,512,4,eval,1.429,20085728,0,0,false
UC1,std,DB1,512,4,decrypt,4.806,1186384,2097152,1,true
UC1,label,DB1,512,4,precomp,0.003,0,0,0,false
UC1,label,DB1,512,4,setup,10.709,10013392,0,0,false
UC1,label,DB1,512,4,encrypt,18.523,6055960,0,0,false
UC1,label,DB1,512,4,eval,1.796,20216280,0,0,false
UC1,label,DB1,512,4,decrypt,3.826,3418040,1048576,1,true
UC1,std,DB1,512,5,precomp,0.003,0,0,0,false
UC1,std,DB1,512,5,setup,12.657,9996152,0,0,false
UC1,std,DB1,512,5,encrypt,16.262,7256992,0,0,false
UC1,std,DB1,512,5,eval,1.483,20085616,0,0,false
UC1,std,DB1,512,5,decrypt,4.599,-1177488,2097152,1,true
UC1,label,DB1,512,5,precomp,0.003,0,0,0,false
UC1,label,DB1,512,5,setup,13.053,5514280,0,0,false
UC1,label,DB1,512,5,encrypt,20.293,11306616,0,0,false
UC1,label,DB1,512,5,eval,1.612,20216392,0,0,false
UC1,label,DB1,512,5,decrypt,3.967,3418248,1048576,1,true
UC1,std,DB1,512,6,precomp,0.001,0,0,0,false
UC1,std,DB1,512,6,setup,11.314,10013392,0,0,false
UC1,std,DB1,512,6,encrypt,14.972,7257200,0,0,false
UC1,std,DB1,512,6,eval,1.549,20085616,0,0,false
UC1,std,DB1,512,6,decrypt,5.397,1186384,2097152,1,true
UC1,label,DB1,512,6,precomp,0.001,0,0,0,false
UC1,label,DB1,512,6,setup,13.800,5514600,0,0,false
UC1,label,DB1,512,6,encrypt,17.842,11306904,0,0,false
UC1,label,DB1,512,6,eval,1.896,20216280,0,0,false
UC1,label,DB1,512,6,decrypt,2.672,3418248,1048576,1,true
UC1,std,DB1,512,7,precomp,0.003,0,0,0,false
UC1,std,DB1,512,7,setup,12.650,9996136,0,0,false
UC1,std,DB1,512,7,encrypt,15.971,7257200,0,0,false
UC1,std,DB1,512,7,eval,1.508,20085616,0,0,false
UC1,std,DB1,512,7,decrypt,4.605,1186608,2097152,1,true
UC1,label,DB1,512,7,precomp,0.005,0,0,0,false
UC1,label,DB1,512,7,setup,12.877,5514264,0,0,false
UC1,label,DB1,512,7,encrypt,20.484,6055960,0,0,false
UC1,label,DB1,512,7,eval,2.045,20216280,0,0,false
UC1,label,DB1,512,7,decrypt,3.900,3418248,1048576,1,true
UC1,std,DB1,512,8,precomp,0.004,0,0,0,false
UC1,std,DB1,512,8,setup,13.824,9996152,0,0,false
UC1,std,DB1,512,8,encrypt,18.528,7257200,0,0,false
UC1,std,DB1,512,8,eval,1.731,20085728,0,0,false
UC1,std,DB1,512,8,decrypt,5.836,1186720,2097152,1,true
UC1,label,DB1,512,8,precomp,0.004,0,0,0,false
UC1,label,DB1,512,8,setup,12.314,9996136,0,0,false
UC1,label,DB1,512,8,encrypt,19.097,6055960,0,0,false
UC1,label,DB1,512,8,eval,1.317,20216280,0,0,false
UC1,label,DB1,512,8,decrypt,3.045,3418024,1048576,1,true
UC1,std,DB1,512,9,precomp,0.003,0,0,0,false
UC1,std,DB1,512,9,setup,11.448,10013392,0,0,false
UC1,std,DB1,512,9,encrypt,15.101,7257200,0,0,false
UC1,std,DB1,512,9,eval,1.551,20070144,0,0,false
UC1,std,DB1,512,9,decrypt,4.728,1185936,2097152,1,true
UC1,label,DB1,512,9,precomp,0.001,0,0,0,false
UC1,label,DB1,512,9,setup,13.873,10013392,0,0,false
UC1,label,DB1,512,9,encrypt,20.141,11306696,0,0,false
UC1,label,DB1,512,9,eval,2.025,20216280,0,0,false
UC1,label,DB1,512,9,decrypt,3.429,3417800,1048576,1,true
UC1,std,DB1,512,10,precomp,0.001,0,0,0,false
UC1,std,DB1,512,10,setup,12.032,9996152,0,0,false
UC1,std,DB1,512,10,encrypt,15.847,7256992,0,0,false
UC1,std,DB1,512,10,eval,1.496,20085616,0,0,false
UC1,std,DB1,512,10,decrypt,3.988,1185728,2097152,1,true
UC1,label,DB1,512,10,precomp,0.002,0,0,0,false
UC1,label,DB1,512,10,setup,12.561,5511496,0,0,false
UC1,label,DB1,512,10,encrypt,18.079,11306808,0,0,false
UC1,label,DB1,512,10,eval,2.221,20216280,0,0,false
UC1,label,DB1,512,10,decrypt,3.862,3418248,1048576,1,true
UC1,std,DB1,512,11,precomp,0.003,0,0,0,false
UC1,std,DB1,512,11,setup,14.006,13146552,0,0,false
UC1,std,DB1,512,11,encrypt,17.121,7257200,0,0,false
UC1,std,DB1,512,11,eval,1.836,20084960,0,0,false
UC1,std,DB1,512,11,decrypt,5.067,1186608,2097152,1,true
UC1,label,DB1,512,11,precomp,0.003,0,0,0,false
UC1,label,DB1,512,11,setup,12.422,10013392,0,0,false
UC1,label,DB1,512,11,encrypt,20.925,6055960,0,0,false
UC1,label,DB1,512,11,eval,2.109,20216280,0,0,false
UC1,label,DB1,512,11,decrypt,3.311,3417768,1048576,1,true
UC1,std,DB1,512,12,precomp,0.004,0,0,0,false
UC1,std,DB1,512,12,setup,14.146,5511384,0,0,false
UC1,std,DB1,512,12,encrypt,16.479,7257200,0,0,false
UC1,std,DB1,512,12,eval,1.401,20070144,0,0,false
UC1,std,DB1,512,12,decrypt,4.499,1185936,2097152,1,true
UC1,label,DB1,512,12,precomp,0.005,0,0,0,false
UC1,label,DB1,512,12,setup,12.263,10013392,0,0,false
UC1,label,DB1,512,12,encrypt,19.460,11306728,0,0,false
UC1,label,DB1,512,12,eval,1.811,20216280,0,0,false
UC1,label,DB1,512,12,decrypt,4.012,3417800,1048576,1,true
UC1,std,DB1,512,13,precomp,0.005,0,0,0,false
UC1,std,DB1,512,13,setup,11.831,10013392,0,0,false
UC1,std,DB1,512,13,encrypt,15.650,6714576,0,0,false
UC1,std,DB1,512,13,eval,1.634,20085616,0,0,false
UC1,std,DB1,512,13,decrypt,4.663,1185936,2097152,1,true
UC1,label,DB1,512,13,precomp,0.003,0,0,0,false
UC1,label,DB1,512,13,setup,11.843,10013392,0,0,false
UC1,label,DB1,512,13,encrypt,18.841,11306840,0,0,false
UC1,label,DB1,512,13,eval,1.794,20216392,0,0,false
UC1,label,DB1,512,13,decrypt,3.658,3418248,1048576,1,true
UC1,std,DB1,512,14,precomp,0.003,0,0,0,false
UC1,std,DB1,512,14,setup,12.439,10014256,0,0,false
UC1,std,DB1,512,14,encrypt,15.632,7257200,0,0,false
UC1,std,DB1,512,14,eval,1.530,20070144,0,0,false
UC1,std,DB1,512,14,decrypt,4.118,1186608,2097152,1,true
UC1,label,DB1,512,14,precomp,0.001,0,0,0,false
UC1,label,DB1,512,14,setup,12.571,10013392,0,0,false
UC1,label,DB1,512,14,encrypt,19.700,11306760,0,0,false
UC1,label,DB1,512,14,eval,2.259,20216280,0,0,false
UC1,label,DB1,512,14,decrypt,4.006,3417768,1048576,1,true
UC1,std,DB1,512,15,precomp,0.005,0,0,0,false
UC1,std,DB1,512,15,setup,13.894,5511384,0,0,false
UC1,std,DB1,512,15,encrypt,17.068,7257200,0,0,false
UC1,std,DB1,512,15,eval,1.993,20084960,0,0,false
UC1,std,DB1,512,15,decrypt,4.374,1186720,2097152,1,true
UC1,label,DB1,512,15,precomp,0.002,0,0,0,false
UC1,label,DB1,512,15,setup,11.842,9996152,0,0,false
UC1,label,DB1,512,15,encrypt,18.972,11306312,0,0,false
UC1,label,DB1,512,15,eval,2.044,20216280,0,0,false
UC1,label,DB1,512,15,decrypt,3.497,3417784,1048576,1,true
UC1,std,DB1,512,16,precomp,0.003,0,0,0,false
UC1,std,DB1,512,16,setup,13.122,9996152,0,0,false
UC1,std,DB1,512,16,encrypt,19.628,7257200,0,0,false
UC1,std,DB1,512,16,eval,1.629,20085616,0,0,false
UC1,std,DB1,512,16,decrypt,5.337,1185936,2097152,1,true
UC1,label,DB1,512,16,precomp,0.001,0,0,0,false
UC1,label,DB1,512,16,setup,12.174,5514600,0,0,false
UC1,label,DB1,512,16,encrypt,19.435,11312240,0,0,false
UC1,label,DB1,512,16,eval,2.088,20216280,0,0,false
UC1,label,DB1,512,16,decrypt,4.030,3418248,1048576,1,true
UC1,std,DB1,512,17,precomp,0.002,0,0,0,false
UC1,std,DB1,512,17,setup,11.793,10013504,0,0,false
UC1,std,DB1,512,17,encrypt,16.876,7257200,0,0,false
UC1,std,DB1,512,17,eval,1.667,20085616,0,0,false
UC1,std,DB1,512,17,decrypt,5.183,1185936,2097152,1,true
UC1,label,DB1,512,17,precomp,0.004,0,0,0,false
UC1,label,DB1,512,17,setup,12.867,10013392,0,0,false
UC1,label,DB1,512,17,encrypt,17.818,11306888,0,0,false
UC1,label,DB1,512,17,eval,1.059,20216280,0,0,false
UC1,label,DB1,512,17,decrypt,3.361,3417928,1048576,1,true
UC1,std,DB1,512,18,precomp,0.003,0,0,0,false
UC1,std,DB1,512,18,setup,14.299,9996264,0,0,false
UC1,std,DB1,512,18,encrypt,18.528,6714352,0,0,false
UC1,std,DB1,512,18,eval,1.661,20085728,0,0,false
UC1,std,DB1,512,18,decrypt,5.553,-1177488,2097152,1,true
UC1,label,DB1,512,18,precomp,0.003,0,0,0,false
UC1,label,DB1,512,18,setup,13.175,5514264,0,0,false
UC1,label,DB1,512,18,encrypt,20.238,11306344,0,0,false
UC1,label,DB1,512,18,eval,2.709,20216280,0,0,false
UC1,label,DB1,512,18,decrypt,3.871,3417768,1048576,1,true
UC1,std,DB1,512,19,precomp,0.002,0,0,0,false
UC1,std,DB1,512,19,setup,13.660,10013392,0,0,false
UC1,std,DB1,512,19,encrypt,16.289,7257200,0,0,false
UC1,std,DB1,512,19,eval,1.592,20085616,0,0,false
UC1,std,DB1,512,19,decrypt,4.022,1185936,2097152,1,true
UC1,label,DB1,512,19,precomp,0.006,0,0,0,false
UC1,label,DB1,512,19,setup,10.936,10013112,0,0,false
UC1,label,DB1,512,19,encrypt,19.434,11306680,0,0,false
UC1,label,DB1,512,19,eval,1.793,20216280,0,0,false
UC1,label,DB1,512,19,decrypt,3.411,3418472,1048576,1,true
UC1,std,DB1,512,20,precomp,0.005,0,0,0,false
UC1,std,DB1,512,20,setup,11.778,10013392,0,0,false
UC1,std,DB1,512,20,encrypt,15.888,7257200,0,0,false
UC1,std,DB1,512,20,eval,1.595,20085616,0,0,false
UC1,std,DB1,512,20,decrypt,4.274,1186608,2097152,1,true
UC1,label,DB1,512,20,precomp,0.003,0,0,0,false
UC1,label,DB1,512,20,setup,13.077,10013392,0,0,false
UC1,label,DB1,512,20,encrypt,21.707,6056488,0,0,false
UC1,label,DB1,512,20,eval,1.900,20216280,0,0,false
UC1,label,DB1,512,20,decrypt,3.210,3418024,1048576,1,true
UC1,std,DB2,100000,1,precomp,0.461,0,0,0,false
UC1,std,DB2,100000,1,setup,11.940,5511384,0,0,false
UC1,std,DB2,100000,1,encrypt,16.991,6714352,0,0,false
UC1,std,DB2,100000,1,eval,1.791,20085616,0,0,false
UC1,std,DB2,100000,1,decrypt,4.362,5910136,2097152,1,true
UC1,label,DB2,100000,1,precomp,0.483,0,0,0,false
UC1,label,DB2,100000,1,setup,13.323,5514264,0,0,false
UC1,label,DB2,100000,1,encrypt,17.849,11306488,0,0,false
UC1,label,DB2,100000,1,eval,2.880,20216280,0,0,false
UC1,label,DB2,100000,1,decrypt,3.508,3418248,1048576,1,true
UC1,std,DB2,100000,2,precomp,0.617,0,0,0,false
UC1,std,DB2,100000,2,setup,14.412,9996136,0,0,false
UC1,std,DB2,100000,2,encrypt,17.035,7257200,0,0,false
UC1,std,DB2,100000,2,eval,1.819,20085728,0,0,false
UC1,std,DB2,100000,2,decrypt,5.118,-1177488,2097152,1,true
UC1,label,DB2,100000,2,precomp,0.694,0,0,0,false
UC1,label,DB2,100000,2,setup,12.793,5514280,0,0,false
UC1,label,DB2,100000,2,encrypt,17.450,11306184,0,0,false
UC1,label,DB2,100000,2,eval,2.843,20215864,0,0,false
UC1,label,DB2,100000,2,decrypt,3.999,3418248,1048576,1,true
UC1,std,DB2,100000,3,precomp,0.246,0,0,0,false
UC1,std,DB2,100000,3,setup,12.889,9996152,0,0,false
UC1,std,DB2,100000,3,encrypt,16.082,7257200,0,0,false
UC1,std,DB2,100000,3,eval,1.168,20085616,0,0,false
UC1,std,DB2,100000,3,decrypt,3.778,1185728,2097152,1,true
UC1,label,DB2,100000,3,precomp,0.519,0,0,0,false
UC1,label,DB2,100000,3,setup,14.037,5510712,0,0,false
UC1,label,DB2,100000,3,encrypt,18.561,11306696,0,0,false
UC1,label,DB2,100000,3,eval,1.725,20216280,0,0,false
UC1,label,DB2,100000,3,decrypt,3.468,3418264,1048576,1,true
UC1,std,DB2,100000,4,precomp,0.506,0,0,0,false
UC1,std,DB2,100000,4,setup,12.792,13176184,0,0,false
UC1,std,DB2,100000,4,encrypt,17.932,7257200,0,0,false
UC1,std,DB2,100000,4,eval,1.870,20070144,0,0,false
UC1,std,DB2,100000,4,decrypt,5.028,1185728,2097152,1,true
UC1,label,DB2,100000,4,precomp,0.235,0,0,0,false
UC1,label,DB2,100000,4,setup,13.675,9996152,0,0,false
UC1,label,DB2,100000,4,encrypt,23.531,11306248,0,0,false
UC1,label,DB2,100000,4,eval,2.918,20216280,0,0,false
UC1,label,DB2,100000,4,decrypt,3.000,2104416,1048576,1,true
UC1,std,DB2,100000,5,precomp,0.706,0,0,0,false
UC1,std,DB2,100000,5,setup,10.987,5514264,0,0,false
UC1,std,DB2,100000,5,encrypt,16.573,7257200,0,0,false
UC1,std,DB2,100000,5,eval,1.423,20085616,0,0,false
UC1,std,DB2,100000,5,decrypt,4.065,1185728,2097152,1,true
UC1,label,DB2,100000,5,precomp,0.236,0,0,0,false
UC1,label,DB2,100000,5,setup,11.533,10013112,0,0,false
UC1,label,DB2,100000,5,encrypt,18.584,11306744,0,0,false
UC1,label,DB2,100000,5,eval,2.099,20216280,0,0,false
UC1,label,DB2,100000,5,decrypt,3.605,3418248,1048576,1,true
UC1,std,DB2,100000,6,precomp,0.232,0,0,0,false
UC1,std,DB2,100000,6,setup,13.967,5514280,0,0,false
UC1,std,DB2,100000,6,encrypt,15.727,6714240,0,0,false
UC1,std,DB2,100000,6,eval,1.757,20085728,0,0,false
UC1,std,DB2,100000,6,decrypt,5.694,1185728,2097152,1,true
UC1,label,DB2,100000,6,precomp,0.699,0,0,0,false
UC1,label,DB2,100000,6,setup,12.623,10013112,0,0,false
UC1,label,DB2,100000,6,encrypt,19.647,11306904,0,0,false
UC1,label,DB2,100000,6,eval,2.290,20216280,0,0,false
UC1,label,DB2,100000,6,decrypt,3.673,3418248,1048576,1,true
UC1,std,DB2,100000,7,precomp,0.233,0,0,0,false
UC1,std,DB2,100000,7,setup,13.002,5514264,0,0,false
UC1,std,DB2,100000,7,encrypt,16.184,6714352,0,0,false
UC1,std,DB2,100000,7,eval,1.146,20085616,0,0,false
UC1,std,DB2,100000,7,decrypt,6.024,-1177488,2097152,1,true
UC1,label,DB2,100000,7,precomp,0.736,0,0,0,false
UC1,label,DB2,100000,7,setup,13.669,5510712,0,0,false
UC1,label,DB2,100000,7,encrypt,17.749,11306648,0,0,false
UC1,label,DB2,100000,7,eval,1.198,20216280,0,0,false
UC1,label,DB2,100000,7,decrypt,3.835,3418248,1048576,1,true
UC1,std,DB2,100000,8,precomp,0.527,0,0,0,false
UC1,std,DB2,100000,8,setup,11.687,10013392,0,0,false
UC1,std,DB2,100000,8,encrypt,15.598,7257200,0,0,false
UC1,std,DB2,100000,8,eval,1.316,20085616,0,0,false
UC1,std,DB2,100000,8,decrypt,4.689,1185728,2097152,1,true
UC1,label,DB2,100000,8,precomp,0.415,0,0,0,false
UC1,label,DB2,100000,8,setup,11.590,10013112,0,0,false
UC1,label,DB2,100000,8,encrypt,18.055,11306808,0,0,false
UC1,label,DB2,100000,8,eval,1.812,20216280,0,0,false
UC1,label,DB2,100000,8,decrypt,3.270,3418248,1048576,1,true
UC1,std,DB2,100000,9,precomp,0.510,0,0,0,false
UC1,std,DB2,100000,9,setup,12.735,9996152,0,0,false
UC1,std,DB2,100000,9,encrypt,16.639,6714352,0,0,false
UC1,std,DB2,100000,9,eval,1.675,20085728,0,0,false
UC1,std,DB2,100000,9,decrypt,5.088,1185728,2097152,1,true
UC1,label,DB2,100000,9,precomp,0.568,0,0,0,false
UC1,label,DB2,100000,9,setup,14.050,9996264,0,0,false
UC1,label,DB2,100000,9,encrypt,18.744,11306712,0,0,false
UC1,label,DB2,100000,9,eval,2.085,20216280,0,0,false
UC1,label,DB2,100000,9,decrypt,3.667,2104416,1048576,1,true
UC1,std,DB2,100000,10,precomp,0.232,0,0,0,false
UC1,std,DB2,100000,10,setup,14.042,5510712,0,0,false
UC1,std,DB2,100000,10,encrypt,15.085,7257200,0,0,false
UC1,std,DB2,100000,10,eval,1.832,20085616,0,0,false
UC1,std,DB2,100000,10,decrypt,4.899,1185728,2097152,1,true
UC1,label,DB2,100000,10,precomp,0.254,0,0,0,false
UC1,label,DB2,100000,10,setup,12.088,9996152,0,0,false
UC1,label,DB2,100000,10,encrypt,19.932,11306712,0,0,false
UC1,label,DB2,100000,10,eval,1.697,20216280,0,0,false
UC1,label,DB2,100000,10,decrypt,3.440,3417768,1048576,1,true
UC1,std,DB2,100000,11,precomp,0.231,0,0,0,false
UC1,std,DB2,100000,11,setup,14.929,5511608,0,0,false
UC1,std,DB2,100000,11,encrypt,14.937,6714352,0,0,false
UC1,std,DB2,100000,11,eval,1.738,20085616,0,0,false
UC1,std,DB2,100000,11,decrypt,5.058,-1177488,2097152,1,true
UC1,label,DB2,100000,11,precomp,0.499,0,0,0,false
UC1,label,DB2,100000,11,setup,14.142,9996136,0,0,false
UC1,label,DB2,100000,11,encrypt,21.441,11306232,0,0,false
UC1,label,DB2,100000,11,eval,2.204,20216280,0,0,false
UC1,label,DB2,100000,11,decrypt,3.718,3417816,1048576,1,true
UC1,std,DB2,100000,12,precomp,0.513,0,0,0,false
UC1,std,DB2,100000,12,setup,14.005,5511384,0,0,false
UC1,std,DB2,100000,12,encrypt,14.674,6714352,0,0,false
UC1,std,DB2,100000,12,eval,1.466,20085616,0,0,false
UC1,std,DB2,100000,12,decrypt,5.853,-1177488,2097152,1,true
UC1,label,DB2,100000,12,precomp,0.501,0,0,0,false
UC1,label,DB2,100000,12,setup,13.234,5514264,0,0,false
UC1,label,DB2,100000,12,encrypt,17.847,11306184,0,0,false
UC1,label,DB2,100000,12,eval,1.934,20216280,0,0,false
UC1,label,DB2,100000,12,decrypt,2.976,3417800,1048576,1,true
UC1,std,DB2,100000,13,precomp,0.246,0,0,0,false
UC1,std,DB2,100000,13,setup,11.420,10013392,0,0,false
UC1,std,DB2,100000,13,encrypt,17.289,7257200,0,0,false
UC1,std,DB2,100000,13,eval,1.018,20084960,0,0,false
UC1,std,DB2,100000,13,decrypt,4.023,5910136,2097152,1,true
UC1,label,DB2,100000,13,precomp,0.281,0,0,0,false
UC1,label,DB2,100000,13,setup,12.429,5511496,0,0,false
UC1,label,DB2,100000,13,encrypt,18.248,11306184,0,0,false
UC1,label,DB2,100000,13,eval,1.878,20216280,0,0,false
UC1,label,DB2,100000,13,decrypt,4.501,3418024,1048576,1,true
UC1,std,DB2,100000,14,precomp,0.520,0,0,0,false
UC1,std,DB2,100000,14,setup,13.417,5514392,0,0,false
UC1,std,DB2,100000,14,encrypt,16.103,6582328,0,0,false
UC1,std,DB2,100000,14,eval,1.357,20085728,0,0,false
UC1,std,DB2,100000,14,decrypt,4.747,1185728,2097152,1,true
UC1,label,DB2,100000,14,precomp,0.229,0,0,0,false
UC1,label,DB2,100000,14,setup,13.543,5527320,0,0,false
UC1,label,DB2,100000,14,encrypt,17.275,11306584,0,0,false
UC1,label,DB2,100000,14,eval,1.130,20216280,0,0,false
UC1,label,DB2,100000,14,decrypt,3.088,3418248,1048576,1,true
UC1,std,DB2,100000,15,precomp,0.234,0,0,0,false
UC1,std,DB2,100000,15,setup,12.838,9996264,0,0,false
UC1,std,DB2,100000,15,encrypt,15.320,6714352,0,0,false
UC1,std,DB2,100000,15,eval,0.994,20085728,0,0,false
UC1,std,DB2,100000,15,decrypt,4.749,1185728,2097152,1,true
UC1,label,DB2,100000,15,precomp,0.366,0,0,0,false
UC1,label,DB2,100000,15,setup,12.476,10013112,0,0,false
UC1,label,DB2,100000,15,encrypt,17.423,11306840,0,0,false
UC1,label,DB2,100000,15,eval,1.699,20216280,0,0,false
UC1,label,DB2,100000,15,decrypt,3.074,3418248,1048576,1,true
UC1,std,DB2,100000,16,precomp,0.230,0,0,0,false
UC1,std,DB2,100000,16,setup,11.922,5511384,0,0,false
UC1,std,DB2,100000,16,encrypt,14.895,6714352,0,0,false
UC1,std,DB2,100000,16,eval,1.330,20085616,0,0,false
UC1,std,DB2,100000,16,decrypt,4.433,-1177488,2097152,1,true
UC1,label,DB2,100000,16,precomp,0.621,0,0,0,false
UC1,label,DB2,100000,16,setup,14.543,5510712,0,0,false
UC1,label,DB2,100000,16,encrypt,18.839,11306360,0,0,false
UC1,label,DB2,100000,16,eval,2.714,20216280,0,0,false
UC1,label,DB2,100000,16,decrypt,3.096,3417768,1048576,1,true
UC1,std,DB2,100000,17,precomp,0.460,0,0,0,false
UC1,std,DB2,100000,17,setup,12.289,9996152,0,0,false
UC1,std,DB2,100000,17,encrypt,16.863,6714352,0,0,false
UC1,std,DB2,100000,17,eval,1.647,20085616,0,0,false
UC1,std,DB2,100000,17,decrypt,5.928,1185728,2097152,1,true
UC1,label,DB2,100000,17,precomp,0.231,0,0,0,false
UC1,label,DB2,100000,17,setup,12.143,5511384,0,0,false
UC1,label,DB2,100000,17,encrypt,20.127,11306792,0,0,false
UC1,label,DB2,100000,17,eval,1.785,20216280,0,0,false
UC1,label,DB2,100000,17,decrypt,3.465,3417768,1048576,1,true
UC1,std,DB2,100000,18,precomp,0.626,0,0,0,false
UC1,std,DB2,100000,18,setup,13.272,5511384,0,0,false
UC1,std,DB2,100000,18,encrypt,16.401,6714352,0,0,false
UC1,std,DB2,100000,18,eval,1.430,20085616,0,0,false
UC1,std,DB2,100000,18,decrypt,4.594,5910136,2097152,1,true
UC1,label,DB2,100000,18,precomp,0.660,0,0,0,false
UC1,label,DB2,100000,18,setup,13.771,9996136,0,0,false
UC1,label,DB2,100000,18,encrypt,17.849,11306488,0,0,false
UC1,label,DB2,100000,18,eval,1.390,20215864,0,0,false
UC1,label,DB2,100000,18,decrypt,3.953,3418248,1048576,1,true
UC1,std,DB2,100000,19,precomp,0.464,0,0,0,false
UC1,std,DB2,100000,19,setup,12.544,9996152,0,0,false
UC1,std,DB2,100000,19,encrypt,16.769,7257200,0,0,false
UC1,std,DB2,100000,19,eval,1.268,20085616,0,0,false
UC1,std,DB2,100000,19,decrypt,4.758,1185728,2097152,1,true
UC1,label,DB2,100000,19,precomp,0.415,0,0,0,false
UC1,label,DB2,100000,19,setup,12.695,9996152,0,0,false
UC1,label,DB2,100000,19,encrypt,18.039,11306712,0,0,false
UC1,label,DB2,100000,19,eval,1.204,20216280,0,0,false
UC1,label,DB2,100000,19,decrypt,3.498,2104432,1048576,1,true
UC1,std,DB2,100000,20,precomp,0.468,0,0,0,false
UC1,std,DB2,100000,20,setup,12.891,9996136,0,0,false
UC1,std,DB2,100000,20,encrypt,16.803,6582328,0,0,false
UC1,std,DB2,100000,20,eval,1.517,20085616,0,0,false
UC1,std,DB2,100000,20,decrypt,4.312,-1177488,2097152,1,true
UC1,label,DB2,100000,20,precomp,0.686,0,0,0,false
UC1,label,DB2,100000,20,setup,12.702,5514392,0,0,false
UC1,label,DB2,100000,20,encrypt,19.278,11306184,0,0,false
UC1,label,DB2,100000,20,eval,1.846,20215976,0,0,false
UC1,label,DB2,100000,20,decrypt,3.871,3418248,1048576,1,true
UC1,std,DB3,1000000,1,precomp,2.356,0,0,0,false
UC1,std,DB3,1000000,1,setup,12.439,10013392,0,0,false
UC1,std,DB3,1000000,1,encrypt,13.287,7401272,0,0,false
UC1,std,DB3,1000000,1,eval,1.563,20084960,0,0,false
UC1,std,DB3,1000000,1,decrypt,4.401,5910136,2097152,1,true
UC1,label,DB3,1000000,1,precomp,2.907,0,0,0,false
UC1,label,DB3,1000000,1,setup,13.092,10013392,0,0,false
UC1,label,DB3,1000000,1,encrypt,18.889,6056488,0,0,false
UC1,label,DB3,1000000,1,eval,2.343,20215624,0,0,false
UC1,label,DB3,1000000,1,decrypt,3.596,10244176,1048576,1,true
UC1,std,DB3,1000000,2,precomp,2.606,0,0,0,false
UC1,std,DB3,1000000,2,setup,12.317,10013392,0,0,false
UC1,std,DB3,1000000,2,encrypt,14.244,7401272,0,0,false
UC1,std,DB3,1000000,2,eval,1.796,20084960,0,0,false
UC1,std,DB3,1000000,2,decrypt,3.939,5910136,2097152,1,true
UC1,label,DB3,1000000,2,precomp,2.703,0,0,0,false
UC1,label,DB3,1000000,2,setup,13.438,10013504,0,0,false
UC1,label,DB3,1000000,2,encrypt,19.004,6056600,0,0,false
UC1,label,DB3,1000000,2,eval,2.255,20215624,0,0,false
UC1,label,DB3,1000000,2,decrypt,2.864,10244176,1048576,1,true
UC1,std,DB3,1000000,3,precomp,3.398,0,0,0,false
UC1,std,DB3,1000000,3,setup,12.080,10013392,0,0,false
UC1,std,DB3,1000000,3,encrypt,15.383,7401272,0,0,false
UC1,std,DB3,1000000,3,eval,1.783,20084960,0,0,false
UC1,std,DB3,1000000,3,decrypt,3.756,5910136,2097152,1,true
UC1,label,DB3,1000000,3,precomp,2.550,0,0,0,false
UC1,label,DB3,1000000,3,setup,12.139,10013408,0,0,false
UC1,label,DB3,1000000,3,encrypt,18.566,6056488,0,0,false
UC1,label,DB3,1000000,3,eval,1.665,20215640,0,0,false
UC1,label,DB3,1000000,3,decrypt,2.937,10244176,1048576,1,true
UC1,std,DB3,1000000,4,precomp,2.993,0,0,0,false
UC1,std,DB3,1000000,4,setup,13.368,10013392,0,0,false
UC1,std,DB3,1000000,4,encrypt,15.022,7401272,0,0,false
UC1,std,DB3,1000000,4,eval,1.243,20084960,0,0,false
UC1,std,DB3,1000000,4,decrypt,4.671,5910136,2097152,1,true
UC1,label,DB3,1000000,4,precomp,2.985,0,0,0,false
UC1,label,DB3,1000000,4,setup,11.485,10013392,0,0,false
UC1,label,DB3,1000000,4,encrypt,17.654,6056488,0,0,false
UC1,label,DB3,1000000,4,eval,2.099,20215624,0,0,false
UC1,label,DB3,1000000,4,decrypt,3.370,10244176,1048576,1,true
UC1,std,DB3,1000000,5,precomp,3.721,0,0,0,false
UC1,std,DB3,1000000,5,setup,11.202,10013392,0,0,false
UC1,std,DB3,1000000,5,encrypt,14.660,7401272,0,0,false
UC1,std,DB3,1000000,5,eval,1.520,20084960,0,0,false
UC1,std,DB3,1000000,5,decrypt,3.908,5910136,2097152,1,true
UC1,label,DB3,1000000,5,precomp,2.735,0,0,0,false
UC1,label,DB3,1000000,5,setup,13.321,10013504,0,0,false
UC1,label,DB3,1000000,5,encrypt,19.785,6056488,0,0,false
UC1,label,DB3,1000000,5,eval,2.291,20215624,0,0,false
UC1,label,DB3,1000000,5,decrypt,3.090,10244176,1048576,1,true
UC1,std,DB3,1000000,6,precomp,3.241,0,0,0,false
UC1,std,DB3,1000000,6,setup,11.792,10013392,0,0,false
UC1,std,DB3,1000000,6,encrypt,14.823,7401272,0,0,false
UC1,std,DB3,1000000,6,eval,1.384,20085072,0,0,false
UC1,std,DB3,1000000,6,decrypt,4.853,5910136,2097152,1,true
UC1,label,DB3,1000000,6,precomp,2.432,0,0,0,false
UC1,label,DB3,1000000,6,setup,11.344,10013392,0,0,false
UC1,label,DB3,1000000,6,encrypt,17.645,6056488,0,0,false
UC1,label,DB3,1000000,6,eval,2.281,20215640,0,0,false
UC1,label,DB3,1000000,6,decrypt,3.769,10244176,1048576,1,true
UC1,std,DB3,1000000,7,precomp,2.800,0,0,0,false
UC1,std,DB3,1000000,7,setup,12.535,10013392,0,0,false
UC1,std,DB3,1000000,7,encrypt,13.836,7401272,0,0,false
UC1,std,DB3,1000000,7,eval,1.482,20084960,0,0,false
UC1,std,DB3,1000000,7,decrypt,4.100,5910136,2097152,1,true
UC1,label,DB3,1000000,7,precomp,2.702,0,0,0,false
UC1,label,DB3,1000000,7,setup,12.532,10013392,0,0,false
UC1,label,DB3,1000000,7,encrypt,19.847,6056488,0,0,false
UC1,label,DB3,1000000,7,eval,2.869,20215624,0,0,false
UC1,label,DB3,1000000,7,decrypt,3.046,10244176,1048576,1,true
UC1,std,DB3,1000000,8,precomp,3.262,0,0,0,false
UC1,std,DB3,1000000,8,setup,11.484,10013392,0,0,false
UC1,std,DB3,1000000,8,encrypt,15.085,7401272,0,0,false
UC1,std,DB3,1000000,8,eval,1.353,20084976,0,0,false
UC1,std,DB3,1000000,8,decrypt,4.166,5910136,2097152,1,true
UC1,label,DB3,1000000,8,precomp,2.344,0,0,0,false
UC1,label,DB3,1000000,8,setup,11.572,10013392,0,0,false
UC1,label,DB3,1000000,8,encrypt,17.600,6056488,0,0,false
UC1,label,DB3,1000000,8,eval,1.858,20215624,0,0,false
UC1,label,DB3,1000000,8,decrypt,3.075,10244176,1048576,1,true
UC1,std,DB3,1000000,9,precomp,3.480,0,0,0,false
UC1,std,DB3,1000000,9,setup,11.758,10013392,0,0,false
UC1,std,DB3,1000000,9,encrypt,14.625,7401272,0,0,false
UC1,std,DB3,1000000,9,eval,1.292,20084976,0,0,false
UC1,std,DB3,1000000,9,decrypt,4.795,5910136,2097152,1,true
UC1,label,DB3,1000000,9,precomp,2.636,0,0,0,false
UC1,label,DB3,1000000,9,setup,12.210,10013392,0,0,false
UC1,label,DB3,1000000,9,encrypt,17.419,6056488,0,0,false
UC1,label,DB3,1000000,9,eval,2.276,20215624,0,0,false
UC1,label,DB3,1000000,9,decrypt,3.244,10244176,1048576,1,true
UC1,std,DB3,1000000,10,precomp,2.848,0,0,0,false
UC1,std,DB3,1000000,10,setup,11.656,10013392,0,0,false
UC1,std,DB3,1000000,10,encrypt,14.875,7401272,0,0,false
UC1,std,DB3,1000000,10,eval,1.273,20084960,0,0,false
UC1,std,DB3,1000000,10,decrypt,3.742,5910136,2097152,1,true
UC1,label,DB3,1000000,10,precomp,2.542,0,0,0,false
UC1,label,DB3,1000000,10,setup,12.803,10013392,0,0,false
UC1,label,DB3,1000000,10,encrypt,18.603,6056488,0,0,false
UC1,label,DB3,1000000,10,eval,2.428,20215624,0,0,false
UC1,label,DB3,1000000,10,decrypt,2.746,10244176,1048576,1,true
UC1,std,DB3,1000000,11,precomp,2.720,0,0,0,false
UC1,std,DB3,1000000,11,setup,12.285,10013392,0,0,false
UC1,std,DB3,1000000,11,encrypt,14.607,7401272,0,0,false
UC1,std,DB3,1000000,11,eval,1.592,20084960,0,0,false
UC1,std,DB3,1000000,11,decrypt,4.392,5910136,2097152,1,true
UC1,label,DB3,1000000,11,precomp,2.631,0,0,0,false
UC1,label,DB3,1000000,11,setup,10.956,10013392,0,0,false
UC1,label,DB3,1000000,11,encrypt,18.131,6056488,0,0,false
UC1,label,DB3,1000000,11,eval,1.986,20215624,0,0,false
UC1,label,DB3,1000000,11,decrypt,3.865,10244176,1048576,1,true
UC1,std,DB3,1000000,12,precomp,2.542,0,0,0,false
UC1,std,DB3,1000000,12,setup,11.491,10013392,0,0,false
UC1,std,DB3,1000000,12,encrypt,13.268,7401272,0,0,false
UC1,std,DB3,1000000,12,eval,1.428,20085072,0,0,false
UC1,std,DB3,1000000,12,decrypt,4.096,5910136,2097152,1,true
UC1,label,DB3,1000000,12,precomp,2.356,0,0,0,false
UC1,label,DB3,1000000,12,setup,11.491,10013392,0,0,false
UC1,label,DB3,1000000,12,encrypt,17.113,6056600,0,0,false
UC1,label,DB3,1000000,12,eval,1.418,20215624,0,0,false
UC1,label,DB3,1000000,12,decrypt,3.242,10244176,1048576,1,true
UC1,std,DB3,1000000,13,precomp,2.934,0,0,0,false
UC1,std,DB3,1000000,13,setup,13.508,10013392,0,0,false
UC1,std,DB3,1000000,13,encrypt,14.820,7401272,0,0,false
UC1,std,DB3,1000000,13,eval,1.297,20084976,0,0,false
UC1,std,DB3,1000000,13,decrypt,4.039,5910136,2097152,1,true
UC1,label,DB3,1000000,13,precomp,3.270,0,0,0,false
UC1,label,DB3,1000000,13,setup,11.935,10013392,0,0,false
UC1,label,DB3,1000000,13,encrypt,18.251,6056488,0,0,false
UC1,label,DB3,1000000,13,eval,2.378,20215624,0,0,false
UC1,label,DB3,1000000,13,decrypt,3.482,10244176,1048576,1,true
UC1,std,DB3,1000000,14,precomp,4.440,0,0,0,false
UC1,std,DB3,1000000,14,setup,12.314,10013392,0,0,false
UC1,std,DB3,1000000,14,encrypt,15.783,7401288,0,0,false
UC1,std,DB3,1000000,14,eval,1.640,20084960,0,0,false
UC1,std,DB3,1000000,14,decrypt,4.861,5910136,2097152,1,true
UC1,label,DB3,1000000,14,precomp,2.720,0,0,0,false
UC1,label,DB3,1000000,14,setup,13.381,10013392,0,0,false
UC1,label,DB3,1000000,14,encrypt,18.438,6056488,0,0,false
UC1,label,DB3,1000000,14,eval,2.493,20215736,0,0,false
UC1,label,DB3,1000000,14,decrypt,3.297,10244176,1048576,1,true
UC1,std,DB3,1000000,15,precomp,2.312,0,0,0,false
UC1,std,DB3,1000000,15,setup,11.189,10013392,0,0,false
UC1,std,DB3,1000000,15,encrypt,14.452,7401272,0,0,false
UC1,std,DB3,1000000,15,eval,1.785,20084960,0,0,false
UC1,std,DB3,1000000,15,decrypt,5.175,5910136,2097152,1,true
UC1,label,DB3,1000000,15,precomp,3.204,0,0,0,false
UC1,label,DB3,1000000,15,setup,12.135,10013392,0,0,false
UC1,label,DB3,1000000,15,encrypt,17.789,6056488,0,0,false
UC1,label,DB3,1000000,15,eval,2.400,20215624,0,0,false
UC1,label,DB3,1000000,15,decrypt,3.383,10244176,1048576,1,true
UC1,std,DB3,1000000,16,precomp,2.752,0,0,0,false
UC1,std,DB3,1000000,16,setup,12.112,10013392,0,0,false
UC1,std,DB3,1000000,16,encrypt,14.117,7401272,0,0,false
UC1,std,DB3,1000000,16,eval,1.644,20084960,0,0,false
UC1,std,DB3,1000000,16,decrypt,4.361,5910136,2097152,1,true
UC1,label,DB3,1000000,16,precomp,2.565,0,0,0,false
UC1,label,DB3,1000000,16,setup,11.615,10013392,0,0,false
UC1,label,DB3,1000000,16,encrypt,17.969,6056488,0,0,false
UC1,label,DB3,1000000,16,eval,2.353,20215624,0,0,false
UC1,label,DB3,1000000,16,decrypt,2.951,10244176,1048576,1,true
UC1,std,DB3,1000000,17,precomp,2.814,0,0,0,false
UC1,std,DB3,1000000,17,setup,11.992,10013392,0,0,false
UC1,std,DB3,1000000,17,encrypt,14.726,7401272,0,0,false
UC1,std,DB3,1000000,17,eval,1.255,20084976,0,0,false
UC1,std,DB3,1000000,17,decrypt,4.790,5910136,2097152,1,true
UC1,label,DB3,1000000,17,precomp,3.123,0,0,0,false
UC1,label,DB3,1000000,17,setup,11.666,10013392,0,0,false
UC1,label,DB3,1000000,17,encrypt,17.372,6056488,0,0,false
UC1,label,DB3,1000000,17,eval,2.077,20215752,0,0,false
UC1,label,DB3,1000000,17,decrypt,4.054,10244176,1048576,1,true
UC1,std,DB3,1000000,18,precomp,2.885,0,0,0,false
UC1,std,DB3,1000000,18,setup,12.186,10013392,0,0,false
UC1,std,DB3,1000000,18,encrypt,15.299,7401272,0,0,false
UC1,std,DB3,1000000,18,eval,1.451,20084960,0,0,false
UC1,std,DB3,1000000,18,decrypt,5.482,5910136,2097152,1,true
UC1,label,DB3,1000000,18,precomp,2.355,0,0,0,false
UC1,label,DB3,1000000,18,setup,13.785,10013392,0,0,false
UC1,label,DB3,1000000,18,encrypt,17.641,6056488,0,0,false
UC1,label,DB3,1000000,18,eval,2.049,20215624,0,0,false
UC1,label,DB3,1000000,18,decrypt,3.235,10244176,1048576,1,true
UC1,std,DB3,1000000,19,precomp,2.916,0,0,0,false
UC1,std,DB3,1000000,19,setup,11.546,10013392,0,0,false
UC1,std,DB3,1000000,19,encrypt,15.753,7401272,0,0,false
UC1,std,DB3,1000000,19,eval,1.711,20084960,0,0,false
UC1,std,DB3,1000000,19,decrypt,4.296,5910136,2097152,1,true
UC1,label,DB3,1000000,19,precomp,2.839,0,0,0,false
UC1,label,DB3,1000000,19,setup,12.192,10013392,0,0,false
UC1,label,DB3,1000000,19,encrypt,19.143,6056488,0,0,false
UC1,label,DB3,1000000,19,eval,2.766,20215624,0,0,false
UC1,label,DB3,1000000,19,decrypt,3.365,10244176,1048576,1,true
UC1,std,DB3,1000000,20,precomp,2.978,0,0,0,false
UC1,std,DB3,1000000,20,setup,12.152,10013392,0,0,false
UC1,std,DB3,1000000,20,encrypt,14.830,7401272,0,0,false
UC1,std,DB3,1000000,20,eval,1.580,20084960,0,0,false
UC1,std,DB3,1000000,20,decrypt,4.070,5910136,2097152,1,true
UC1,label,DB3,1000000,20,precomp,3.712,0,0,0,false
UC1,label,DB3,1000000,20,setup,11.265,10013392,0,0,false
UC1,label,DB3,1000000,20,encrypt,17.391,6056488,0,0,false
UC1,label,DB3,1000000,20,eval,1.890,20215624,0,0,false
UC1,label,DB3,1000000,20,decrypt,2.762,10244176,1048576,1,true
